campaign,relative_path,schema_version,total_orders
main_50seed,main_50seed/greedy_high_seed900_orders.json,layer5_order_arrival_manifest_v1,561
main_50seed,main_50seed/greedy_high_seed901_orders.json,layer5_order_arrival_manifest_v1,561
main_50seed,main_50seed/greedy_high_seed902_orders.json,layer5_order_arrival_manifest_v1,526
main_50seed,main_50seed/greedy_high_seed903_orders.json,layer5_order_arrival_manifest_v1,606
main_50seed,main_50seed/greedy_high_seed904_orders.json,layer5_order_arrival_manifest_v1,526
main_50seed,main_50seed/greedy_high_seed905_orders.json,layer5_order_arrival_manifest_v1,541
main_50seed,main_50seed/greedy_high_seed906_orders.json,layer5_order_arrival_manifest_v1,566
main_50seed,main_50seed/greedy_high_seed907_orders.json,layer5_order_arrival_manifest_v1,564
main_50seed,main_50seed/greedy_high_seed908_orders.json,layer5_order_arrival_manifest_v1,573
main_50seed,main_50seed/greedy_high_seed909_orders.json,layer5_order_arrival_manifest_v1,540
main_50seed,main_50seed/greedy_high_seed910_orders.json,layer5_order_arrival_manifest_v1,532
main_50seed,main_50seed/greedy_high_seed911_orders.json,layer5_order_arrival_manifest_v1,522
main_50seed,main_50seed/greedy_high_seed912_orders.json,layer5_order_arrival_manifest_v1,526
main_50seed,main_50seed/greedy_high_seed913_orders.json,layer5_order_arrival_manifest_v1,589
main_50seed,main_50seed/greedy_high_seed914_orders.json,layer5_order_arrival_manifest_v1,557
main_50seed,main_50seed/greedy_high_seed915_orders.json,layer5_order_arrival_manifest_v1,549
main_50seed,main_50seed/greedy_high_seed916_orders.json,layer5_order_arrival_manifest_v1,540
main_50seed,main_50seed/greedy_high_seed917_orders.json,layer5_order_arrival_manifest_v1,583
main_50seed,main_50seed/greedy_high_seed918_orders.json,layer5_order_arrival_manifest_v1,531
main_50seed,main_50seed/greedy_high_seed919_orders.json,layer5_order_arrival_manifest_v1,551
main_50seed,main_50seed/greedy_high_seed920_orders.json,layer5_order_arrival_manifest_v1,525
main_50seed,main_50seed/greedy_high_seed921_orders.json,layer5_order_arrival_manifest_v1,537
main_50seed,main_50seed/greedy_high_seed922_orders.json,layer5_order_arrival_manifest_v1,529
main_50seed,main_50seed/greedy_high_seed923_orders.json,layer5_order_arrival_manifest_v1,577
main_50seed,main_50seed/greedy_high_seed924_orders.json,layer5_order_arrival_manifest_v1,524
main_50seed,main_50seed/greedy_high_seed925_orders.json,layer5_order_arrival_manifest_v1,543
main_50seed,main_50seed/greedy_high_seed926_orders.json,layer5_order_arrival_manifest_v1,554
main_50seed,main_50seed/greedy_high_seed927_orders.json,layer5_order_arrival_manifest_v1,571
main_50seed,main_50seed/greedy_high_seed928_orders.json,layer5_order_arrival_manifest_v1,561
main_50seed,main_50seed/greedy_high_seed929_orders.json,layer5_order_arrival_manifest_v1,569
main_50seed,main_50seed/greedy_high_seed930_orders.json,layer5_order_arrival_manifest_v1,536
main_50seed,main_50seed/greedy_high_seed931_orders.json,layer5_order_arrival_manifest_v1,586
main_50seed,main_50seed/greedy_high_seed932_orders.json,layer5_order_arrival_manifest_v1,560
main_50seed,main_50seed/greedy_high_seed933_orders.json,layer5_order_arrival_manifest_v1,557
main_50seed,main_50seed/greedy_high_seed934_orders.json,layer5_order_arrival_manifest_v1,522
main_50seed,main_50seed/greedy_high_seed935_orders.json,layer5_order_arrival_manifest_v1,610
main_50seed,main_50seed/greedy_high_seed936_orders.json,layer5_order_arrival_manifest_v1,554
main_50seed,main_50seed/greedy_high_seed937_orders.json,layer5_order_arrival_manifest_v1,569
main_50seed,main_50seed/greedy_high_seed938_orders.json,layer5_order_arrival_manifest_v1,564
main_50seed,main_50seed/greedy_high_seed939_orders.json,layer5_order_arrival_manifest_v1,534
main_50seed,main_50seed/greedy_high_seed940_orders.json,layer5_order_arrival_manifest_v1,595
main_50seed,main_50seed/greedy_high_seed941_orders.json,layer5_order_arrival_manifest_v1,538
main_50seed,main_50seed/greedy_high_seed942_orders.json,layer5_order_arrival_manifest_v1,530
main_50seed,main_50seed/greedy_high_seed943_orders.json,layer5_order_arrival_manifest_v1,570
main_50seed,main_50seed/greedy_high_seed944_orders.json,layer5_order_arrival_manifest_v1,513
main_50seed,main_50seed/greedy_high_seed945_orders.json,layer5_order_arrival_manifest_v1,547
main_50seed,main_50seed/greedy_high_seed946_orders.json,layer5_order_arrival_manifest_v1,544
main_50seed,main_50seed/greedy_high_seed947_orders.json,layer5_order_arrival_manifest_v1,550
main_50seed,main_50seed/greedy_high_seed948_orders.json,layer5_order_arrival_manifest_v1,537
main_50seed,main_50seed/greedy_high_seed949_orders.json,layer5_order_arrival_manifest_v1,564
main_50seed,main_50seed/greedy_low_seed900_orders.json,layer5_order_arrival_manifest_v1,478
main_50seed,main_50seed/greedy_low_seed901_orders.json,layer5_order_arrival_manifest_v1,544
main_50seed,main_50seed/greedy_low_seed902_orders.json,layer5_order_arrival_manifest_v1,380
main_50seed,main_50seed/greedy_low_seed903_orders.json,layer5_order_arrival_manifest_v1,525
main_50seed,main_50seed/greedy_low_seed904_orders.json,layer5_order_arrival_manifest_v1,578
main_50seed,main_50seed/greedy_low_seed905_orders.json,layer5_order_arrival_manifest_v1,407
main_50seed,main_50seed/greedy_low_seed906_orders.json,layer5_order_arrival_manifest_v1,514
main_50seed,main_50seed/greedy_low_seed907_orders.json,layer5_order_arrival_manifest_v1,569
main_50seed,main_50seed/greedy_low_seed908_orders.json,layer5_order_arrival_manifest_v1,434
main_50seed,main_50seed/greedy_low_seed909_orders.json,layer5_order_arrival_manifest_v1,449
main_50seed,main_50seed/greedy_low_seed910_orders.json,layer5_order_arrival_manifest_v1,550
main_50seed,main_50seed/greedy_low_seed911_orders.json,layer5_order_arrival_manifest_v1,438
main_50seed,main_50seed/greedy_low_seed912_orders.json,layer5_order_arrival_manifest_v1,461
main_50seed,main_50seed/greedy_low_seed913_orders.json,layer5_order_arrival_manifest_v1,398
main_50seed,main_50seed/greedy_low_seed914_orders.json,layer5_order_arrival_manifest_v1,371
main_50seed,main_50seed/greedy_low_seed915_orders.json,layer5_order_arrival_manifest_v1,591
main_50seed,main_50seed/greedy_low_seed916_orders.json,layer5_order_arrival_manifest_v1,401
main_50seed,main_50seed/greedy_low_seed917_orders.json,layer5_order_arrival_manifest_v1,442
main_50seed,main_50seed/greedy_low_seed918_orders.json,layer5_order_arrival_manifest_v1,396
main_50seed,main_50seed/greedy_low_seed919_orders.json,layer5_order_arrival_manifest_v1,515
main_50seed,main_50seed/greedy_low_seed920_orders.json,layer5_order_arrival_manifest_v1,562
main_50seed,main_50seed/greedy_low_seed921_orders.json,layer5_order_arrival_manifest_v1,548
main_50seed,main_50seed/greedy_low_seed922_orders.json,layer5_order_arrival_manifest_v1,444
main_50seed,main_50seed/greedy_low_seed923_orders.json,layer5_order_arrival_manifest_v1,331
main_50seed,main_50seed/greedy_low_seed924_orders.json,layer5_order_arrival_manifest_v1,438
main_50seed,main_50seed/greedy_low_seed925_orders.json,layer5_order_arrival_manifest_v1,346
main_50seed,main_50seed/greedy_low_seed926_orders.json,layer5_order_arrival_manifest_v1,399
main_50seed,main_50seed/greedy_low_seed927_orders.json,layer5_order_arrival_manifest_v1,368
main_50seed,main_50seed/greedy_low_seed928_orders.json,layer5_order_arrival_manifest_v1,446
main_50seed,main_50seed/greedy_low_seed929_orders.json,layer5_order_arrival_manifest_v1,471
main_50seed,main_50seed/greedy_low_seed930_orders.json,layer5_order_arrival_manifest_v1,360
main_50seed,main_50seed/greedy_low_seed931_orders.json,layer5_order_arrival_manifest_v1,531
main_50seed,main_50seed/greedy_low_seed932_orders.json,layer5_order_arrival_manifest_v1,453
main_50seed,main_50seed/greedy_low_seed933_orders.json,layer5_order_arrival_manifest_v1,509
main_50seed,main_50seed/greedy_low_seed934_orders.json,layer5_order_arrival_manifest_v1,545
main_50seed,main_50seed/greedy_low_seed935_orders.json,layer5_order_arrival_manifest_v1,564
main_50seed,main_50seed/greedy_low_seed936_orders.json,layer5_order_arrival_manifest_v1,368
main_50seed,main_50seed/greedy_low_seed937_orders.json,layer5_order_arrival_manifest_v1,489
main_50seed,main_50seed/greedy_low_seed938_orders.json,layer5_order_arrival_manifest_v1,552
main_50seed,main_50seed/greedy_low_seed939_orders.json,layer5_order_arrival_manifest_v1,382
main_50seed,main_50seed/greedy_low_seed940_orders.json,layer5_order_arrival_manifest_v1,498
main_50seed,main_50seed/greedy_low_seed941_orders.json,layer5_order_arrival_manifest_v1,439
main_50seed,main_50seed/greedy_low_seed942_orders.json,layer5_order_arrival_manifest_v1,341
main_50seed,main_50seed/greedy_low_seed943_orders.json,layer5_order_arrival_manifest_v1,553
main_50seed,main_50seed/greedy_low_seed944_orders.json,layer5_order_arrival_manifest_v1,365
main_50seed,main_50seed/greedy_low_seed945_orders.json,layer5_order_arrival_manifest_v1,458
main_50seed,main_50seed/greedy_low_seed946_orders.json,layer5_order_arrival_manifest_v1,459
main_50seed,main_50seed/greedy_low_seed947_orders.json,layer5_order_arrival_manifest_v1,546
main_50seed,main_50seed/greedy_low_seed948_orders.json,layer5_order_arrival_manifest_v1,355
main_50seed,main_50seed/greedy_low_seed949_orders.json,layer5_order_arrival_manifest_v1,570
main_50seed,main_50seed/greedy_mid_seed900_orders.json,layer5_order_arrival_manifest_v1,425
main_50seed,main_50seed/greedy_mid_seed901_orders.json,layer5_order_arrival_manifest_v1,573
main_50seed,main_50seed/greedy_mid_seed902_orders.json,layer5_order_arrival_manifest_v1,508
main_50seed,main_50seed/greedy_mid_seed903_orders.json,layer5_order_arrival_manifest_v1,565
main_50seed,main_50seed/greedy_mid_seed904_orders.json,layer5_order_arrival_manifest_v1,458
main_50seed,main_50seed/greedy_mid_seed905_orders.json,layer5_order_arrival_manifest_v1,561
main_50seed,main_50seed/greedy_mid_seed906_orders.json,layer5_order_arrival_manifest_v1,545
main_50seed,main_50seed/greedy_mid_seed907_orders.json,layer5_order_arrival_manifest_v1,448
main_50seed,main_50seed/greedy_mid_seed908_orders.json,layer5_order_arrival_manifest_v1,473
main_50seed,main_50seed/greedy_mid_seed909_orders.json,layer5_order_arrival_manifest_v1,507
main_50seed,main_50seed/greedy_mid_seed910_orders.json,layer5_order_arrival_manifest_v1,432
main_50seed,main_50seed/greedy_mid_seed911_orders.json,layer5_order_arrival_manifest_v1,483
main_50seed,main_50seed/greedy_mid_seed912_orders.json,layer5_order_arrival_manifest_v1,460
main_50seed,main_50seed/greedy_mid_seed913_orders.json,layer5_order_arrival_manifest_v1,573
main_50seed,main_50seed/greedy_mid_seed914_orders.json,layer5_order_arrival_manifest_v1,410
main_50seed,main_50seed/greedy_mid_seed915_orders.json,layer5_order_arrival_manifest_v1,569
main_50seed,main_50seed/greedy_mid_seed916_orders.json,layer5_order_arrival_manifest_v1,467
main_50seed,main_50seed/greedy_mid_seed917_orders.json,layer5_order_arrival_manifest_v1,417
main_50seed,main_50seed/greedy_mid_seed918_orders.json,layer5_order_arrival_manifest_v1,448
main_50seed,main_50seed/greedy_mid_seed919_orders.json,layer5_order_arrival_manifest_v1,402
main_50seed,main_50seed/greedy_mid_seed920_orders.json,layer5_order_arrival_manifest_v1,583
main_50seed,main_50seed/greedy_mid_seed921_orders.json,layer5_order_arrival_manifest_v1,580
main_50seed,main_50seed/greedy_mid_seed922_orders.json,layer5_order_arrival_manifest_v1,459
main_50seed,main_50seed/greedy_mid_seed923_orders.json,layer5_order_arrival_manifest_v1,479
main_50seed,main_50seed/greedy_mid_seed924_orders.json,layer5_order_arrival_manifest_v1,520
main_50seed,main_50seed/greedy_mid_seed925_orders.json,layer5_order_arrival_manifest_v1,602
main_50seed,main_50seed/greedy_mid_seed926_orders.json,layer5_order_arrival_manifest_v1,436
main_50seed,main_50seed/greedy_mid_seed927_orders.json,layer5_order_arrival_manifest_v1,584
main_50seed,main_50seed/greedy_mid_seed928_orders.json,layer5_order_arrival_manifest_v1,466
main_50seed,main_50seed/greedy_mid_seed929_orders.json,layer5_order_arrival_manifest_v1,547
main_50seed,main_50seed/greedy_mid_seed930_orders.json,layer5_order_arrival_manifest_v1,425
main_50seed,main_50seed/greedy_mid_seed931_orders.json,layer5_order_arrival_manifest_v1,579
main_50seed,main_50seed/greedy_mid_seed932_orders.json,layer5_order_arrival_manifest_v1,428
main_50seed,main_50seed/greedy_mid_seed933_orders.json,layer5_order_arrival_manifest_v1,436
main_50seed,main_50seed/greedy_mid_seed934_orders.json,layer5_order_arrival_manifest_v1,595
main_50seed,main_50seed/greedy_mid_seed935_orders.json,layer5_order_arrival_manifest_v1,560
main_50seed,main_50seed/greedy_mid_seed936_orders.json,layer5_order_arrival_manifest_v1,458
main_50seed,main_50seed/greedy_mid_seed937_orders.json,layer5_order_arrival_manifest_v1,467
main_50seed,main_50seed/greedy_mid_seed938_orders.json,layer5_order_arrival_manifest_v1,547
main_50seed,main_50seed/greedy_mid_seed939_orders.json,layer5_order_arrival_manifest_v1,536
main_50seed,main_50seed/greedy_mid_seed940_orders.json,layer5_order_arrival_manifest_v1,511
main_50seed,main_50seed/greedy_mid_seed941_orders.json,layer5_order_arrival_manifest_v1,586
main_50seed,main_50seed/greedy_mid_seed942_orders.json,layer5_order_arrival_manifest_v1,541
main_50seed,main_50seed/greedy_mid_seed943_orders.json,layer5_order_arrival_manifest_v1,571
main_50seed,main_50seed/greedy_mid_seed944_orders.json,layer5_order_arrival_manifest_v1,419
main_50seed,main_50seed/greedy_mid_seed945_orders.json,layer5_order_arrival_manifest_v1,498
main_50seed,main_50seed/greedy_mid_seed946_orders.json,layer5_order_arrival_manifest_v1,572
main_50seed,main_50seed/greedy_mid_seed947_orders.json,layer5_order_arrival_manifest_v1,438
main_50seed,main_50seed/greedy_mid_seed948_orders.json,layer5_order_arrival_manifest_v1,430
main_50seed,main_50seed/greedy_mid_seed949_orders.json,layer5_order_arrival_manifest_v1,563
station6_10seed,station6_10seed/high/orders_high_seed721.json,layer5_order_arrival_manifest_v1,784
station6_10seed,station6_10seed/high/orders_high_seed722.json,layer5_order_arrival_manifest_v1,748
station6_10seed,station6_10seed/high/orders_high_seed723.json,layer5_order_arrival_manifest_v1,579
station6_10seed,station6_10seed/high/orders_high_seed724.json,layer5_order_arrival_manifest_v1,762
station6_10seed,station6_10seed/high/orders_high_seed725.json,layer5_order_arrival_manifest_v1,749
station6_10seed,station6_10seed/high/orders_high_seed726.json,layer5_order_arrival_manifest_v1,694
station6_10seed,station6_10seed/high/orders_high_seed727.json,layer5_order_arrival_manifest_v1,757
station6_10seed,station6_10seed/high/orders_high_seed728.json,layer5_order_arrival_manifest_v1,803
station6_10seed,station6_10seed/high/orders_high_seed729.json,layer5_order_arrival_manifest_v1,681
station6_10seed,station6_10seed/high/orders_high_seed730.json,layer5_order_arrival_manifest_v1,752
station6_10seed,station6_10seed/low/orders_low_seed721.json,layer5_order_arrival_manifest_v1,547
station6_10seed,station6_10seed/low/orders_low_seed722.json,layer5_order_arrival_manifest_v1,718
station6_10seed,station6_10seed/low/orders_low_seed723.json,layer5_order_arrival_manifest_v1,683
station6_10seed,station6_10seed/low/orders_low_seed724.json,layer5_order_arrival_manifest_v1,685
station6_10seed,station6_10seed/low/orders_low_seed725.json,layer5_order_arrival_manifest_v1,560
station6_10seed,station6_10seed/low/orders_low_seed726.json,layer5_order_arrival_manifest_v1,678
station6_10seed,station6_10seed/low/orders_low_seed727.json,layer5_order_arrival_manifest_v1,705
station6_10seed,station6_10seed/low/orders_low_seed728.json,layer5_order_arrival_manifest_v1,729
station6_10seed,station6_10seed/low/orders_low_seed729.json,layer5_order_arrival_manifest_v1,728
station6_10seed,station6_10seed/low/orders_low_seed730.json,layer5_order_arrival_manifest_v1,703
station6_10seed,station6_10seed/mid/orders_mid_seed721.json,layer5_order_arrival_manifest_v1,382
station6_10seed,station6_10seed/mid/orders_mid_seed722.json,layer5_order_arrival_manifest_v1,737
station6_10seed,station6_10seed/mid/orders_mid_seed723.json,layer5_order_arrival_manifest_v1,426
station6_10seed,station6_10seed/mid/orders_mid_seed724.json,layer5_order_arrival_manifest_v1,753
station6_10seed,station6_10seed/mid/orders_mid_seed725.json,layer5_order_arrival_manifest_v1,748
station6_10seed,station6_10seed/mid/orders_mid_seed726.json,layer5_order_arrival_manifest_v1,761
station6_10seed,station6_10seed/mid/orders_mid_seed727.json,layer5_order_arrival_manifest_v1,747
station6_10seed,station6_10seed/mid/orders_mid_seed728.json,layer5_order_arrival_manifest_v1,761
station6_10seed,station6_10seed/mid/orders_mid_seed729.json,layer5_order_arrival_manifest_v1,784
station6_10seed,station6_10seed/mid/orders_mid_seed730.json,layer5_order_arrival_manifest_v1,763
density_scale_10seed,density_scale_10seed/orders_high_seed701.json,layer5_order_arrival_manifest_v1,564
density_scale_10seed,density_scale_10seed/orders_high_seed702.json,layer5_order_arrival_manifest_v1,549
density_scale_10seed,density_scale_10seed/orders_high_seed703.json,layer5_order_arrival_manifest_v1,578
density_scale_10seed,density_scale_10seed/orders_high_seed704.json,layer5_order_arrival_manifest_v1,597
density_scale_10seed,density_scale_10seed/orders_high_seed705.json,layer5_order_arrival_manifest_v1,598
density_scale_10seed,density_scale_10seed/orders_high_seed706.json,layer5_order_arrival_manifest_v1,566
density_scale_10seed,density_scale_10seed/orders_high_seed707.json,layer5_order_arrival_manifest_v1,523
density_scale_10seed,density_scale_10seed/orders_high_seed708.json,layer5_order_arrival_manifest_v1,550
density_scale_10seed,density_scale_10seed/orders_high_seed709.json,layer5_order_arrival_manifest_v1,540
density_scale_10seed,density_scale_10seed/orders_high_seed710.json,layer5_order_arrival_manifest_v1,542
density_scale_10seed,density_scale_10seed/orders_low_seed701.json,layer5_order_arrival_manifest_v1,496
density_scale_10seed,density_scale_10seed/orders_low_seed702.json,layer5_order_arrival_manifest_v1,339
density_scale_10seed,density_scale_10seed/orders_low_seed703.json,layer5_order_arrival_manifest_v1,563
density_scale_10seed,density_scale_10seed/orders_low_seed704.json,layer5_order_arrival_manifest_v1,536
density_scale_10seed,density_scale_10seed/orders_low_seed705.json,layer5_order_arrival_manifest_v1,470
density_scale_10seed,density_scale_10seed/orders_low_seed706.json,layer5_order_arrival_manifest_v1,521
density_scale_10seed,density_scale_10seed/orders_low_seed707.json,layer5_order_arrival_manifest_v1,338
density_scale_10seed,density_scale_10seed/orders_low_seed708.json,layer5_order_arrival_manifest_v1,356
density_scale_10seed,density_scale_10seed/orders_low_seed709.json,layer5_order_arrival_manifest_v1,404
density_scale_10seed,density_scale_10seed/orders_low_seed710.json,layer5_order_arrival_manifest_v1,374
density_scale_10seed,density_scale_10seed/orders_mid_seed701.json,layer5_order_arrival_manifest_v1,568
density_scale_10seed,density_scale_10seed/orders_mid_seed702.json,layer5_order_arrival_manifest_v1,437
density_scale_10seed,density_scale_10seed/orders_mid_seed703.json,layer5_order_arrival_manifest_v1,526
density_scale_10seed,density_scale_10seed/orders_mid_seed704.json,layer5_order_arrival_manifest_v1,470
density_scale_10seed,density_scale_10seed/orders_mid_seed705.json,layer5_order_arrival_manifest_v1,523
density_scale_10seed,density_scale_10seed/orders_mid_seed706.json,layer5_order_arrival_manifest_v1,555
density_scale_10seed,density_scale_10seed/orders_mid_seed707.json,layer5_order_arrival_manifest_v1,495
density_scale_10seed,density_scale_10seed/orders_mid_seed708.json,layer5_order_arrival_manifest_v1,502
density_scale_10seed,density_scale_10seed/orders_mid_seed709.json,layer5_order_arrival_manifest_v1,547
density_scale_10seed,density_scale_10seed/orders_mid_seed710.json,layer5_order_arrival_manifest_v1,443
