map_size,robot_density,num_robots,load,arm,n,completed_orders_mean,completed_orders_ci_low,completed_orders_ci_high,avg_excess_delay_mean,avg_excess_delay_ci_low,avg_excess_delay_ci_high,deadlock_ratio_mean_mean,deadlock_ratio_mean_ci_low,deadlock_ratio_mean_ci_high,risk_rate_per_100_mean,risk_rate_per_100_ci_low,risk_rate_per_100_ci_high
20,0.12,48,high,combo_s1_j1,10,386.3,252.18629770426776,520.4137022957323,29.430050175941997,24.44164302451621,34.41845732736778,0.3223238,0.07921352833060438,0.5654340716693956,47.88001,24.95985160652042,70.80016839347958
20,0.12,48,high,greedy,10,369.5,251.62771838674735,487.37228161325265,31.870589889763867,28.029369988544083,35.71180979098365,0.3619625,0.15743812966107776,0.5664868703389223,55.08665,38.62401683584141,71.5492831641586
20,0.12,48,high,hungarian,10,309.2,213.62803178876527,404.7719682112347,30.313801987525032,26.797990653859205,33.82961332119086,0.4682597,0.301215610360231,0.6353037896397691,66.58665,51.96037827137855,81.21292172862145
20,0.12,48,high,jsq,10,400.2,286.1465913614745,514.2534086385255,30.762914920585242,27.80618257088797,33.719647270282515,0.2959403,0.09334499409140781,0.49853560590859214,47.88668,28.42241812921725,67.35094187078275
20,0.12,48,high,phasec,10,379.0,246.71806160435264,511.28193839564733,29.821064266551314,25.06786932241682,34.57425921068581,0.3412583,0.0968711716691158,0.5856454283308843,49.10667,25.34464410448618,72.86869589551382
20,0.12,48,low,combo_s1_j1,10,312.9,184.36184480614315,441.4381551938568,24.617168985359218,20.115683480929157,29.11865448978928,0.3890541,0.11615593949049358,0.6619522605095065,48.29334,18.986608176270764,77.60007182372924
20,0.12,48,low,greedy,10,295.4,158.87769591356164,431.9223040864383,26.76884443776551,22.124951520306997,31.41273735522402,0.4701931,0.21900005012710033,0.7213861498728996,58.95333,36.742868999199885,81.16379100080012
20,0.12,48,low,hungarian,10,403.4,342.1059760790453,464.69402392095463,26.376431127572765,22.587745356929805,30.165116898215725,0.0775209,-0.02689315322593959,0.1819349532259396,15.826649999999999,2.239861592954629,29.41343840704537
20,0.12,48,low,jsq,10,320.7,201.72159605028412,439.67840394971586,26.119678872209906,22.395278295290574,29.84407944912924,0.3672472,0.11739789139103615,0.6170965086089638,46.40668,20.488186429896636,72.32517357010337
20,0.12,48,low,phasec,10,370.8,253.43165503219504,488.16834496780496,26.424362144236984,21.851553017115634,30.997171271358333,0.2008722,-0.048862249530784524,0.45060664953078455,29.106659999999998,3.999056911748209,54.21426308825178
20,0.12,48,mid,combo_s1_j1,10,286.0,176.83988015497505,395.16011984502495,26.16135636061381,22.395168139773304,29.927544581454313,0.4915875,0.2793121413652335,0.7038628586347665,61.09335,39.82568651861871,82.36101348138129
20,0.12,48,mid,greedy,10,373.5,280.9146178919962,466.0853821080038,32.05625971974358,29.901351834487187,34.21116760499997,0.3530832,0.19163972822976497,0.514526671770235,54.36,40.27106719441778,68.44893280558222
20,0.12,48,mid,hungarian,10,389.3,313.43464725531726,465.16535274468276,30.448751812823854,27.17805465347216,33.71944897217555,0.2397194,0.07244592836767696,0.406992871632323,41.51334,22.6352292084873,60.391450791512696
20,0.12,48,mid,jsq,10,358.5,245.19261962855083,471.8073803714492,27.436292663908134,23.57811592720115,31.294469400615117,0.3188764,0.08581688367493129,0.5519359163250688,43.44666,18.07744599416538,68.81587400583462
20,0.12,48,mid,phasec,10,376.5,245.7240746269415,507.2759253730585,29.56213356228997,26.43568850464769,32.688578619932244,0.3191653,0.06621434058759029,0.5721162594124096,42.52,17.01400599955815,68.02599400044186
20,0.15,60,high,combo_s1_j1,10,369.0,268.1219934199309,469.8780065800691,28.26668407922874,25.866995232732883,30.666372925724595,0.4029343,0.20551024237658563,0.6003583576234144,59.38668,38.149079196039565,80.62428080396043
20,0.15,60,high,greedy,10,345.2,206.46796707331592,483.9320329266841,29.084046865860383,24.814490993566586,33.35360273815418,0.4233178,0.17485422821038188,0.6717813717896182,57.24667,33.206854718566376,81.28648528143363
20,0.15,60,high,hungarian,10,372.2,257.8926217936906,486.5073782063094,30.867049955763065,27.67295511290321,34.06114479862292,0.3933178,0.17348307482435285,0.6131525251756471,57.63333,34.71885672229393,80.54780327770607
20,0.15,60,high,jsq,10,324.0,208.55263400706068,439.44736599293935,28.104914445711337,23.610085103181454,32.59974378824122,0.4768867,0.2601914895146274,0.6935819104853727,60.88001,37.21307083772426,84.54694916227574
20,0.15,60,high,phasec,10,396.0,293.3718356316439,498.6281643683561,30.504880772849706,27.6826533171807,33.32710822851871,0.3446945,0.15514404420369976,0.5342449557963003,53.05334,33.415923917884825,72.69075608211517
20,0.15,60,low,combo_s1_j1,10,387.7,299.5867602591182,475.8132397408818,25.234794656174298,21.647379413328096,28.8222098990205,0.1521445,-0.045167877184043276,0.3494568771840433,26.49334,2.0729692442392462,50.913710755760754
20,0.15,60,low,greedy,10,322.4,214.7921007293437,430.00789927065625,28.244171062838475,24.150658866973316,32.337683258703635,0.4185899,0.2054024911701045,0.6317773088298955,56.38,31.32933002948652,81.43066997051349
20,0.15,60,low,hungarian,10,349.2,265.54720757515236,432.8527924248476,28.896624046941454,26.416939177095283,31.376308916787625,0.2832266,0.08160521837008314,0.4848479816299168,41.13333,17.88369685225412,64.38296314774588
20,0.15,60,low,jsq,10,345.8,239.3018521030708,452.2981478969292,28.05141506203659,23.949523984236453,32.15330613983672,0.346472,0.11481190036964423,0.5781320996303558,49.04,21.513829634076117,76.56617036592388
20,0.15,60,low,phasec,10,340.7,272.8193262152668,408.58067378473316,24.034172835819366,21.17541635462499,26.892929317013742,0.2652024,0.056574092362304595,0.4738307076376954,35.74667,10.319949089188302,61.173390910811705
20,0.15,60,mid,combo_s1_j1,10,353.4,248.45053467886774,458.34946532113224,26.981848797139786,23.106423966456067,30.857273627823506,0.3580378,0.1259189073130719,0.5901566926869282,51.18001,27.730797276708163,74.62922272329185
20,0.15,60,mid,greedy,10,351.2,236.1587863704102,466.24121362958977,27.136419603296556,24.20369190483313,30.069147301759983,0.3691289,0.12122308242815732,0.6170347175718427,48.71999,20.83760682703872,76.60237317296128
20,0.15,60,mid,hungarian,10,364.6,247.38076763653353,481.81923236346654,27.45285596356135,22.87763625565374,32.02807567146896,0.37213,0.1391548413847681,0.605105158615232,52.12666,27.27891629152996,76.97440370847005
20,0.15,60,mid,jsq,10,384.7,270.67638265790123,498.72361734209875,28.601139302603894,25.556827799144695,31.645450806063092,0.2808978,0.03685186791265338,0.5249437320873466,40.08666,12.847765128700267,67.32555487129974
20,0.15,60,mid,phasec,10,310.2,211.29787253806626,409.1021274619337,25.135470506297494,21.187611311754534,29.083329700840455,0.5053667000000001,0.323863881343863,0.6868695186561371,66.56667,47.74026816467851,85.39307183532149
20,0.18,72,high,combo_s1_j1,10,332.7,236.98817469782935,428.41182530217066,28.584335645312244,24.47205540790315,32.69661588272134,0.4687167,0.27558534591501915,0.6618480540849808,68.07999,43.862172734865574,92.29780726513442
20,0.18,72,high,greedy,10,327.9,200.53680161479315,455.2631983852068,29.990049413705062,24.207379826597876,35.772719000812245,0.4712807,0.2468388125945375,0.6957225874054624,69.90666,48.33222635718076,91.48109364281925
20,0.18,72,high,hungarian,10,330.0,214.26487166771466,445.73512833228534,33.63436935468675,28.646146389147987,38.62259232022551,0.512585,0.3240932005977688,0.7010767994022311,75.72667,57.742452438834164,93.71088756116583
20,0.18,72,high,jsq,10,280.5,212.86587229011468,348.1341277098853,28.67902828414016,24.588370782254252,32.769685786026066,0.5846999,0.4703804094527817,0.6990193905472184,82.89333,69.59584672915935,96.19081327084066
20,0.18,72,high,phasec,10,325.0,219.35782563184762,430.6421743681524,29.682542200817682,24.035895459873544,35.32918894176182,0.4833628,0.2918431886031144,0.6748824113968855,74.22002,57.73724872194289,90.70279127805712
20,0.18,72,low,combo_s1_j1,10,313.8,219.5260797815696,408.07392021843043,25.72798818045102,19.945847580239764,31.510128780662278,0.3723704,0.14233141308879518,0.6024093869112048,57.41333,30.03853465912382,84.78812534087618
20,0.18,72,low,greedy,10,310.5,192.3261328925737,428.6738671074263,29.975264640944882,23.534641560802058,36.41588772108771,0.424888,0.1981997275585703,0.6515762724414297,63.39335,39.936967926161465,86.84973207383854
20,0.18,72,low,hungarian,10,314.2,225.27819834423082,403.12180165576916,37.70376973078239,30.32257013221024,45.084969329354536,0.4479242,0.27153158013566847,0.6243168198643315,71.03332,51.14322809584972,90.92341190415029
20,0.18,72,low,jsq,10,311.8,194.7061767380054,428.8938232619946,29.867079929183685,23.435786533775072,36.2983733245923,0.4215408,0.19709641021141902,0.645985189788581,63.05334,39.80102093906761,86.30565906093238
20,0.18,72,low,phasec,10,347.1,266.2970676452441,427.90293235475593,28.486719912963185,24.77308277064465,32.20035705528172,0.2872131,0.10201086674225082,0.4724153332577492,50.24667,25.619753235153595,74.87358676484641
20,0.18,72,mid,combo_s1_j1,10,316.7,233.65418011939244,399.74581988060754,28.38218268132217,25.28067108809345,31.483694274550892,0.4485648,0.25262172257010435,0.6445078774298956,64.49332,39.261992015826095,89.7246479841739
20,0.18,72,mid,greedy,10,337.9,229.40632510005304,446.3936748999469,27.95641755807337,23.90112214243856,32.01171297370818,0.3992407,0.1772239995359636,0.6212574004640364,58.519999999999996,32.46059714208799,84.579402857912
20,0.18,72,mid,hungarian,10,327.2,242.57610334890535,411.8238966510946,30.722409991301955,24.48423259949157,36.96058738311234,0.4506882,0.2528280816863955,0.6485483183136045,67.79999,42.21716812929293,93.38281187070706
20,0.18,72,mid,jsq,10,343.0,238.05010125592278,447.94989874407725,27.816225105252414,23.71751810233451,31.91493210817032,0.3904304,0.17185005483762078,0.6090107451623792,58.26,32.31493176646606,84.20506823353394
20,0.18,72,mid,phasec,10,335.3,261.3643655101856,409.2356344898144,31.352084480455243,27.054396995086574,35.649771965823916,0.4209045,0.23822545155779143,0.6035835484422086,65.59334,42.75148215553595,88.43519784446404
30,0.12,108,high,combo_s1_j1,10,292.1,235.3649360000743,348.83506399992575,38.30454124475378,33.913806099772245,42.69527638973531,0.5589,0.4571218046997669,0.6606781953002331,79.36667,70.9199029992593,87.81343700074069
30,0.12,108,high,greedy,10,273.8,207.75706300971405,339.842936990286,39.11946488533496,33.07799462872762,45.1609351419423,0.6065727,0.5156592677615642,0.6974861322384357,84.13999,76.51428169872209,91.76569830127791
30,0.12,108,high,hungarian,10,236.0,147.458707559019,324.541292440981,39.04261086495547,33.27207185095571,44.81314987895523,0.6387301,0.5298689108287796,0.7475912891712203,86.90666,80.66962941471992,93.14369058528008
30,0.12,108,high,jsq,10,302.5,267.49011826920474,337.50988173079526,41.49382084575812,32.52539215104207,50.462249540474176,0.5796585000000001,0.5173023993095545,0.6420146006904457,84.51332,76.88635865599363,92.14028134400635
30,0.12,108,high,phasec,10,333.5,237.6022925525421,429.3977074474579,42.22818057659578,34.45668148726506,49.99967966592651,0.4661469,0.28943330114496235,0.6428604988550376,78.52001,69.98716478227779,87.05285521772221
30,0.12,108,low,combo_s1_j1,10,356.9,300.1008318448451,413.69916815515484,30.992521560842157,26.115600870979357,35.86944225070496,0.2573106,0.07961344720961691,0.43500775279038306,46.55334,20.0455497169881,73.06113028301189
30,0.12,108,low,greedy,10,307.6,255.23683003693753,359.9631699630625,37.671187901713104,29.053906963620967,46.28846883980524,0.43468829999999997,0.24700708810398936,0.6223695118960106,67.47333,39.988225098265225,94.95843490173479
30,0.12,108,low,hungarian,10,315.5,237.84779642242012,393.1522035775799,37.112516043304005,30.224385821426107,44.0006462651819,0.3926667,0.21509930586267012,0.5702340941373298,70.52668,49.24811503065875,91.80524496934125
30,0.12,108,low,jsq,10,307.3,263.5765988748281,351.0234011251719,34.88233922608969,28.208858045533603,41.55582040664578,0.4300493,0.25555600152023916,0.6045425984797609,68.72,41.575634830477725,95.86436516952227
30,0.12,108,low,phasec,10,299.4,228.80104233428207,369.99895766571785,34.589045779315896,29.313544741882534,39.864546816749254,0.3634135,0.177578769629312,0.549248230370688,56.05334,34.427960216733766,77.67871978326623
30,0.12,108,mid,combo_s1_j1,10,370.9,301.9526806981639,439.8473193018361,37.952968140144094,31.25198443477043,44.65395184551775,0.4169013,0.26303801075836264,0.5707645892416373,69.39999,50.773684723979684,88.02629527602032
30,0.12,108,mid,greedy,10,320.7,252.11600252229564,389.28399747770436,41.11845697906781,32.62321029702599,49.613703661109625,0.4970375,0.3249358966118644,0.6691391033881356,75.81333,55.52347405499111,96.10318594500887
30,0.12,108,mid,hungarian,10,279.1,184.79553615690227,373.4044638430978,36.773341145474575,32.66878503594996,40.87789725499919,0.5364968,0.35779001722010323,0.7152035827798968,73.03333,53.421992860907174,92.64466713909283
30,0.12,108,mid,jsq,10,327.3,241.78497358921214,412.8150264107879,41.267376880644335,32.13418474317243,50.40056901811624,0.4598357,0.2738558894183587,0.6458155105816413,74.34666,54.536893332485604,94.1564266675144
30,0.12,108,mid,phasec,10,334.0,263.7232883636083,404.2767116363917,37.65703780403594,31.90004264265341,43.414032965418464,0.45965310000000004,0.3103288712545832,0.6089773287454169,73.45334,60.15769987147472,86.74898012852528
30,0.15,135,high,combo_s1_j1,10,308.5,257.2496713389373,359.7503286610627,45.50199352121052,37.053920090157746,53.9500669522633,0.515763,0.4338971097327091,0.5976288902672908,80.62667,73.81955424888362,87.43378575111639
30,0.15,135,high,greedy,10,346.3,308.4813596597978,384.1186403402022,53.501492102856794,38.96053256095611,68.04245164475748,0.49214030000000003,0.4387835939058503,0.5454970060941498,88.13335000000001,81.59641066996329,94.67028933003672
30,0.15,135,high,hungarian,10,254.3,182.49215688640533,326.1078431135947,52.2891988025687,38.46533296594165,66.11306463919576,0.606534,0.5147507397798525,0.6983172602201475,90.31333000000001,85.524188980938,95.10247101906201
30,0.15,135,high,jsq,10,327.1,271.84648006578436,382.3535199342157,49.36168229924878,37.06408402038161,61.65928057811595,0.5119971,0.4413293584971881,0.582664841502812,88.70668,82.68267414419213,94.73068585580788
30,0.15,135,high,phasec,10,333.5,263.7045183354495,403.2954816645505,42.26964590986741,36.768245594139174,47.77104622559564,0.4439171,0.3189817790023955,0.5688524209976045,75.93334,67.98405765918726,83.88262234081274
30,0.15,135,low,combo_s1_j1,10,320.9,269.4600847514404,372.3399152485596,39.21328065433698,29.999203088177367,48.427358220496586,0.3137368,0.16416848705579296,0.463305112944207,56.90666,30.94603045285674,82.86728954714326
30,0.15,135,low,greedy,10,274.6,196.65694901555136,352.54305098444866,42.176872637142274,31.088254108732126,53.26549116555242,0.4143255,0.2221009808878245,0.6065500191121755,69.67332,42.184039536268514,97.1626004637315
30,0.15,135,low,hungarian,10,309.1,246.26119007113363,371.9388099288664,48.53976007938835,33.06918348546614,64.01033667331056,0.4158984,0.27798552601957327,0.5538112739804267,78.5,57.891696412825965,99.10830358717403
30,0.15,135,low,jsq,10,276.2,202.08098449913348,350.3190155008665,44.95418621554721,32.834608398604075,57.073764032490345,0.4159798,0.2267467362003764,0.6052128637996237,70.41999,43.453741892390624,97.38623810760937
30,0.15,135,low,phasec,10,306.7,251.3122471424752,362.0877528575248,31.22901978587289,27.20953643293459,35.24850313881119,0.3378706,0.18850450541975755,0.4872366945802425,66.24,51.211157402878904,81.2688425971211
30,0.15,135,mid,combo_s1_j1,10,331.6,281.64984866729964,381.5501513327004,41.0072446669689,32.61021978987977,49.40426954405803,0.4139389,0.29731132884720085,0.5305664711527991,72.42666,54.19788877102525,90.65543122897475
30,0.15,135,mid,greedy,10,297.1,230.80301252057995,363.3969874794201,46.054526191150494,34.873261830946106,57.23579055135488,0.4658661,0.3004246723326543,0.6313075276673457,76.50001,56.087220274398916,96.91279972560109
30,0.15,135,mid,hungarian,10,288.0,227.02237980701526,348.9776201929848,51.577232066641386,40.159994574832496,62.99446955845028,0.5245891,0.4018877314442196,0.6472904685557804,84.04668,73.30086003327395,94.79249996672604
30,0.15,135,mid,jsq,10,284.2,213.66743746444553,354.73256253555445,43.2013464328732,32.79798219030978,53.60471067543662,0.4979837,0.32789585842211755,0.6680715415778824,78.26001,57.26037508028794,99.25964491971204
30,0.15,135,mid,phasec,10,261.5,203.109608766746,319.89039123325404,37.83438600744066,29.91841090882874,45.75036110605259,0.5417061,0.452250948606637,0.6311612513933629,80.54001,74.0941850675765,86.98583493242349
30,0.18,162,high,combo_s1_j1,10,320.1,251.4518641136381,388.748135886362,49.59247001001462,38.622109351406266,60.56283066862298,0.4244305,0.3233470627963915,0.5255139372036084,79.70668,69.7317340659657,89.68162593403432
30,0.18,162,high,greedy,10,246.3,188.726680510612,303.873319489388,64.01553856310258,47.76315155044805,80.26792557575712,0.5530995,0.46868968354400997,0.63750931645599,90.48,86.03651450651358,94.92348549348642
30,0.18,162,high,hungarian,10,273.9,217.9216270637954,329.8783729362045,51.47199197260476,36.06868147765983,66.87530246754969,0.5366024,0.46632336965452736,0.6068814303454727,92.08666,88.77254705223038,95.40077294776961
30,0.18,162,high,jsq,10,275.8,218.5925146852663,333.00748531473374,74.13127286631922,59.72737933053156,88.53516640210688,0.5274214,0.44595600449081174,0.6088867955091883,90.46667000000001,86.02761199011628,94.90572800988373
30,0.18,162,high,phasec,10,303.2,245.2391168671935,361.1608831328065,55.10779059603862,37.325901484066634,72.8896797080106,0.4563016,0.3613447937561224,0.5512584062438776,81.03332999999999,73.59154112179856,88.47511887820143
30,0.18,162,low,combo_s1_j1,10,264.3,221.5697067590387,307.0302932409613,40.64524744110473,32.86510059043565,48.425394291773806,0.3577143,0.21000628142120648,0.5054223185787935,70.70000999999999,51.816849377506145,89.58317062249384
30,0.18,162,low,greedy,10,247.2,201.58537722204537,292.8146227779546,52.96441415043126,36.55680127356946,69.37202702729306,0.4231057,0.27026882482980175,0.5759425751701982,76.82666,54.360988869718966,99.29233113028104
30,0.18,162,low,hungarian,10,248.5,185.76551503040136,311.2344849695986,50.559772838238416,32.90419758194672,68.21534809453011,0.432305,0.2656786760363806,0.5989313239636194,77.72,55.270834011958556,100.16916598804144
30,0.18,162,low,jsq,10,247.2,201.58537722204537,292.8146227779546,52.962510455022525,36.55560082877986,69.36942008126519,0.42309959999999996,0.2702673379289739,0.5759318620710261,76.82666,54.360988869718966,99.29233113028104
30,0.18,162,low,phasec,10,302.3,236.3145562793642,368.28544372063584,77.28264022952324,35.47652935666073,119.08875110238574,0.3296018,0.18298111331181705,0.47622248668818296,67.81333000000001,49.169443278672546,86.45721672132747
30,0.18,162,mid,combo_s1_j1,10,335.3,293.0406948444705,377.5593051555295,52.47750720673641,30.935576144953767,74.01943826851905,0.3792738,0.2888204401553928,0.46972715984460717,79.34002,68.82717230078708,89.85286769921291
30,0.18,162,mid,greedy,10,252.0,213.8759584072589,290.1240415927411,69.43165848375098,39.601942816961774,99.26137415054018,0.5013949999999999,0.40276282015677817,0.6000271798432217,87.64668,79.49007193236244,95.80328806763757
30,0.18,162,mid,hungarian,10,283.4,235.59141355410355,331.2085864458964,67.18720704441783,36.43122392380013,97.94319016503553,0.4862363,0.4037948624356901,0.56867773756431,89.46001,84.26219243534773,94.65782756465227
30,0.18,162,mid,jsq,10,253.7,208.6494873433083,298.7505126566917,65.62825520686764,37.78825645531677,93.4682539584185,0.498658,0.40018450102564374,0.5971314989743562,87.99335,79.74430685696905,96.24239314303097
30,0.18,162,mid,phasec,10,295.4,246.2855399532561,344.51446004674386,48.0790463039361,35.09480307985155,61.063289528020654,0.4293572,0.3763648866393787,0.48234951336062126,82.75335,77.0980143005701,88.4086856994299
40,0.12,192,high,combo_s1_j1,10,431.7,381.09521898388925,482.3047810161107,40.47676399404474,32.864547460421036,48.08898052766844,0.2303403,0.10740391265054494,0.35327668734945505,51.63333,30.863689715410178,72.40297028458983
40,0.12,192,high,greedy,10,361.2,297.2193769742776,425.18062302572235,60.420751976119604,42.31337538148648,78.52812857075273,0.4426463,0.3139755699741752,0.5713170300258248,79.66667,64.10102510530452,95.23231489469548
40,0.12,192,high,hungarian,10,324.4,250.85750605991296,397.942493940087,50.6082884476556,40.621787714955886,60.59478918035532,0.4863435,0.35119210529653616,0.6214948947034638,80.79333,60.23344620596232,101.35321379403767
40,0.12,192,high,jsq,10,353.9,280.29857685664194,427.501423143358,61.83056060302978,43.20356562075094,80.45755558530863,0.4480726,0.31013375019671835,0.5860114498032816,80.06667,64.26646032823726,95.86687967176275
40,0.12,192,high,phasec,10,408.1,336.59177643110206,479.608223568898,38.907261453898215,33.1295524453285,44.68497046246793,0.29979279999999997,0.14995145578183347,0.4496341442181665,60.04666,38.5894094124253,81.50391058757471
40,0.12,192,low,combo_s1_j1,10,374.0,307.52267992439687,440.47732007560313,34.080899124676414,27.65949289962887,40.50230534972396,0.139463,0.050724342281545085,0.2282016577184549,41.393339999999995,16.429507674941426,66.35717232505857
40,0.12,192,low,greedy,10,326.7,267.80947403096104,385.59052596903894,42.75468277895296,28.111221609487718,57.39814394841821,0.2990868,0.17137317509396238,0.4268004249060376,68.89333,45.42092747513704,92.36573252486298
40,0.12,192,low,hungarian,10,321.4,265.1220235702422,377.67797642975773,46.13095822090678,32.040563575537334,60.22135286627622,0.31953180000000003,0.1774765587504753,0.46158704124952477,68.72001,46.620117225364666,90.81990277463534
40,0.12,192,low,jsq,10,317.2,251.6296924443321,382.77030755566784,41.939060488924255,31.01762618393412,52.86049479391439,0.3166212,0.1712278915085943,0.4620145084914057,68.89333,45.42092747513704,92.36573252486298
40,0.12,192,low,phasec,10,354.4,290.03183384897574,418.7681661510242,37.501265109498426,26.371139973490642,48.63139024550621,0.1597261,0.01818884242633903,0.30126335757366096,39.03333,14.985398272545428,63.081261727454574
40,0.12,192,mid,combo_s1_j1,10,362.2,298.4553171818531,425.9446828181469,36.29840643727542,31.450207097775827,41.14660577677501,0.3176851,0.15828299271301516,0.47708720728698484,53.93335,26.843372310068318,81.02332768993168
40,0.12,192,mid,greedy,10,322.2,236.16741401190626,408.2325859880937,50.77094094782128,36.049468173583094,65.49241372205947,0.4224909,0.23233892301478307,0.6126428769852169,70.36,42.86182075480954,97.85817924519046
40,0.12,192,mid,hungarian,10,277.2,197.60706473147087,356.7929352685291,47.53284844865678,31.815919352703613,63.24977754460994,0.4915238,0.333267202828821,0.6497803971711791,80.96,67.3600600770472,94.5599399229528
40,0.12,192,mid,jsq,10,304.7,210.4283415490184,398.9716584509816,50.193619805479166,32.998325432000684,67.38891417895765,0.4402305,0.24105532112685857,0.6394056788731415,69.43333,42.353399049553865,96.51326095044612
40,0.12,192,mid,phasec,10,380.1,327.0129446308246,433.1870553691754,36.168494100416495,30.837031345472404,41.49995685536059,0.2524124,0.13630053656713453,0.36852426343286543,56.75333,38.366358062177355,75.14030193782264
40,0.15,240,high,combo_s1_j1,10,405.8,338.6353047117544,472.96469528824565,43.067781216144915,33.99344570988998,52.14211672239985,0.2621087,0.12415188920250789,0.4000655107974921,56.02666,34.72555417651192,77.32776582348808
40,0.15,240,high,greedy,10,322.5,257.1507990765895,387.8492009234105,63.30584358541897,44.81086802307978,81.80081914775816,0.4480338,0.31987398484279495,0.576193615157205,79.68666,60.30452522224617,99.06879477775384
40,0.15,240,high,hungarian,10,362.9,299.61936833756397,426.180631662436,60.62867013927743,43.768643482823364,77.4886967957315,0.3753608,0.2356088916342069,0.5151127083657931,74.59333,54.622616991564406,94.56404300843559
40,0.15,240,high,jsq,10,312.8,245.5101292521694,380.0898707478306,67.26619755758651,41.59080148836012,92.9415936268129,0.4621232,0.3312343523576057,0.5930120476423943,79.96666,60.50982551475497,99.42349448524504
40,0.15,240,high,phasec,10,379.6,322.97151915108327,436.2284808489168,42.590365472390225,33.621007520539415,51.559723424241035,0.3070764,0.1785175912029993,0.4356352087970008,64.01334,46.15049128994912,81.87618871005088
40,0.15,240,low,combo_s1_j1,10,376.2,315.88730938570444,436.51269061429554,34.75204969558431,29.666461676840512,39.83763771432811,0.1026053,0.02550228853071501,0.17970831146928498,31.17334,6.003181305545521,56.34349869445448
40,0.15,240,low,greedy,10,281.7,239.4581898444248,323.9418101555752,56.04890658964583,33.87282296907374,78.22499021021792,0.3417948,0.17206532881130293,0.5115242711886971,65.51333,35.507988585878685,95.51867141412131
40,0.15,240,low,hungarian,10,284.6,247.43171831048832,321.7682816895117,53.730895541888714,34.73174436722513,72.7300467165523,0.3328889,0.18533287478261476,0.48044492521738524,70.44667,45.81354726691208,95.07979273308791
40,0.15,240,low,jsq,10,278.3,234.8309236258112,321.76907637418884,53.52155683503468,33.381471304541726,73.66164236552763,0.3445995,0.17283290926582032,0.5163660907341797,65.51333,35.507988585878685,95.51867141412131
40,0.15,240,low,phasec,10,345.7,298.19942760412465,393.2005723958753,42.626621631639196,33.380667020804,51.872576242474395,0.178595,0.07471354409165834,0.2824764559083417,47.56,24.941559726479746,70.17844027352027
40,0.15,240,mid,combo_s1_j1,10,400.6,362.372890480572,438.82710951942806,36.37458344881015,31.613665760630433,41.135501136989866,0.2050958,0.08518289739192032,0.3250087026080797,48.61333,21.483646148659837,75.74301385134015
40,0.15,240,mid,greedy,10,347.2,295.3995096968837,399.0004903031163,55.03501767170919,28.40655652409727,81.66347881932111,0.34237439999999997,0.1967785833605474,0.4879702166394525,70.48,48.4538492608038,92.50615073919622
40,0.15,240,mid,hungarian,10,303.9,266.35992768173253,341.4400723182674,68.07059830297467,33.541023827018066,102.60017277893128,0.46302360000000004,0.3377039211133289,0.5883432788866712,81.11334,60.27228701199894,101.95439298800105
40,0.15,240,mid,jsq,10,338.0,293.3794636578757,382.6205363421243,53.95105720413438,27.328763495806783,80.57335091246198,0.36019,0.21703186721648862,0.5033481327835114,72.65333,51.30607485629328,94.00058514370672
40,0.15,240,mid,phasec,10,328.4,262.90309468769146,393.8969053123085,41.04913778685828,35.71414167791115,46.38413389580541,0.3262714,0.22543698449799238,0.4271058155020076,67.98667,50.391640727393124,85.58169927260688
40,0.18,288,high,combo_s1_j1,10,294.8,245.202150466398,344.397849533602,52.13143103556916,38.42359839337872,65.83926367775959,0.3945966,0.32437200517218323,0.4648211948278168,79.26667,72.86471606438104,85.66862393561897
40,0.18,288,high,greedy,10,251.8,198.69222363502158,304.9077763649784,67.14334353852618,46.352939216333645,87.93374786071871,0.4749974,0.40988679776606185,0.5401080022339382,89.50001,87.29955124969194,91.70046875030806
40,0.18,288,high,hungarian,10,217.4,179.5105369784365,255.2894630215635,85.42630830866469,58.96852002641842,111.88409659091096,0.5363198,0.4836963070881869,0.5889432929118131,91.22668,89.44067106234971,93.0126889376503
40,0.18,288,high,jsq,10,233.1,187.86508923047867,278.3349107695213,73.41412236419855,51.819089092178814,95.00915563621828,0.4977856,0.4382995534307741,0.5572716465692259,89.35334,87.39164551017565,91.31503448982436
40,0.18,288,high,phasec,10,289.4,222.65703454716845,356.1429654528315,63.75775728362407,44.42849116961861,83.08702339762954,0.4050377,0.3264049178506567,0.48367048214934333,84.21333,80.09983464638019,88.32682535361981
40,0.18,288,low,combo_s1_j1,10,278.2,233.85582095114023,322.54417904885975,49.877968977801416,32.525473336016596,67.23046461958623,0.2838874,0.18602178205799802,0.381753017942002,72.98667,53.92441742819463,92.04892257180538
40,0.18,288,low,greedy,10,219.9,177.76412203634283,262.0358779636572,68.822405480812,35.675473116523186,101.9693378451008,0.4063581,0.2884872199353617,0.5242289800646384,79.92667,59.56017692602764,100.29316307397237
40,0.18,288,low,hungarian,10,207.4,165.49313575430108,249.30686424569893,81.72501471905736,40.617312863598485,122.83271657451623,0.429096,0.3091646769793215,0.5490273230206785,80.35333,59.96450861877333,100.74215138122668
40,0.18,288,low,jsq,10,219.6,177.39434670506708,261.80565329493294,68.7648982255899,35.66170535058081,101.868091100599,0.4064231,0.28851017259184647,0.5243360274081534,79.92667,59.56017692602764,100.29316307397237
40,0.18,288,low,phasec,10,280.4,233.90705958706522,326.8929404129347,53.56460294640792,33.39956955806366,73.72963633475219,0.2695907,0.15940868358368476,0.37977271641631527,64.83333,44.637081345093605,85.0295786549064
40,0.18,288,mid,combo_s1_j1,10,332.9,261.53903011548664,404.2609698845133,54.02742396730686,42.4643047501527,65.59054318446101,0.2878989,0.15597994104335008,0.4198178589566499,62.24,36.85599905596119,87.62400094403881
40,0.18,288,mid,greedy,10,266.3,208.73260642496297,323.86739357503706,78.79705155560933,43.00438774150814,114.58971536971052,0.4093383,0.28789943831724746,0.5307771616827525,77.54666,56.99601489607975,98.09730510392026
40,0.18,288,mid,hungarian,10,254.5,186.15085972276853,322.84914027723147,62.841385273170964,42.19778019827587,83.48499034806605,0.4214933,0.29481641407041403,0.548170185929586,79.03999,58.42222482777983,99.65775517222018
40,0.18,288,mid,jsq,10,261.1,200.93961362840054,321.2603863715995,78.18129377918487,39.713482198090844,116.6491053602789,0.4117119,0.2907972698376688,0.5326265301623313,76.96667,56.60716374182239,97.3261762581776
40,0.18,288,mid,phasec,10,323.1,282.81433217767716,363.3856678223229,53.43573558573424,41.3597010904859,65.51177008098259,0.3174863,0.2660730646307464,0.3688995353692536,77.58668,70.93276945687944,84.24059054312056
