variant,load,seed,arm,ticks,assignment_time_ms_mean,avg_excess_delay,avg_task_duration,completed_orders,completed_tasks,congestion_events,deadlock_ratio_max,deadlock_ratio_mean,open_order_count,pending_order_count,risk_rate_per_100,severe_events,stall_ratio_max,stall_ratio_mean,wall_time_s
map20_r48_s6,low,721,greedy,1500,,25.751600512163893,39.491677336747756,521,2343,453,0.4375,0.074764,26,2,30.2,417,0.166667,0.016194,472.19
map20_r48_s6,low,722,greedy,1500,,22.740130449708204,35.98729831788534,680,2913,36,0.104167,0.004111,38,1,2.4,22,0.145833,0.012944,51.99
map20_r48_s6,low,723,greedy,1500,,22.69774011299435,36.06002824858757,653,2832,18,0.104167,0.005431,30,2,1.2,1,0.125,0.015486,58.12
map20_r48_s6,low,724,greedy,1500,,23.938947368421054,37.28421052631579,658,2850,77,0.229167,0.011861,27,2,5.1333,72,0.1875,0.015319,58.0
map20_r48_s6,low,725,greedy,1500,,21.13664596273292,34.358473824312334,519,2254,641,0.875,0.235889,41,8,42.7333,631,0.208333,0.067181,331.2
map20_r48_s6,low,726,greedy,1500,,22.62513426423201,36.32545649838883,654,2793,5,0.083333,0.004528,24,2,0.3333,0,0.125,0.015694,40.25
map20_r48_s6,low,727,greedy,1500,,23.87787857641312,37.02233077459874,668,2866,34,0.125,0.006194,37,2,2.2667,21,0.145833,0.015431,54.94
map20_r48_s6,low,728,greedy,1500,,21.848214285714285,35.474244505494504,692,2912,17,0.104167,0.010833,37,1,1.1333,1,0.125,0.021667,74.43
map20_r48_s6,low,729,greedy,1500,,22.522960932145306,35.86154900616861,693,2918,13,0.208333,0.005208,35,1,0.8667,12,0.125,0.014472,41.25
map20_r48_s6,low,730,greedy,1500,,24.097251585623678,37.656095842142356,671,2838,61,0.166667,0.010056,32,2,4.0667,56,0.145833,0.015917,55.44
map20_r48_s6,mid,721,greedy,1500,,16.940828402366865,29.91715976331361,156,845,1436,0.979167,0.701125,226,196,95.7333,1429,0.291667,0.197639,1188.46
map20_r48_s6,mid,722,greedy,1500,,23.712685337726523,37.24678747940692,701,3035,33,0.125,0.007639,36,3,2.2,26,0.145833,0.019528,60.69
map20_r48_s6,mid,723,greedy,1500,,21.566831683168317,34.852722772277225,174,808,1335,1.0,0.725208,252,223,89.0,1327,0.333333,0.243653,940.91
map20_r48_s6,mid,724,greedy,1500,,24.07105089226702,37.80436219431593,713,3026,63,0.166667,0.009639,40,3,4.2,51,0.145833,0.016792,59.01
map20_r48_s6,mid,725,greedy,1500,,24.16050616050616,38.03363303363303,713,3003,71,0.166667,0.008625,35,4,4.7333,63,0.125,0.016153,53.27
map20_r48_s6,mid,726,greedy,1500,,24.595284872298624,38.2773411918795,726,3054,108,0.125,0.012181,35,4,7.2,68,0.145833,0.015694,47.67
map20_r48_s6,mid,727,greedy,1500,,24.431894807821983,37.6385704652731,704,2966,51,0.166667,0.011083,43,4,3.4,42,0.125,0.016181,57.48
map20_r48_s6,mid,728,greedy,1500,,22.943352215928023,36.37387537487504,726,3001,33,0.125,0.0045,35,4,2.2,6,0.104167,0.012389,43.16
map20_r48_s6,mid,729,greedy,1500,,23.379837398373983,36.57658536585366,751,3075,48,0.125,0.008444,33,4,3.2,13,0.125,0.015667,55.69
map20_r48_s6,mid,730,greedy,1500,,24.03127057274523,37.67939433838051,721,3038,33,0.104167,0.005569,42,4,2.2,4,0.125,0.015111,45.91
map20_r48_s6,high,721,greedy,1500,,23.20785804816223,36.96166032953105,745,3156,15,0.104167,0.004708,39,6,1.0,4,0.104167,0.015986,48.58
map20_r48_s6,high,722,greedy,1500,,25.08681354817494,38.88589279842157,713,3041,30,0.104167,0.006431,35,6,2.0,8,0.145833,0.016125,50.03
map20_r48_s6,high,723,greedy,1500,,23.03192106790482,36.66105629715612,385,1723,1070,0.9375,0.462083,194,163,71.3333,1067,0.166667,0.061847,463.75
map20_r48_s6,high,724,greedy,1500,,25.270529801324503,39.09039735099338,717,3020,106,0.208333,0.014208,45,6,7.0667,93,0.125,0.018681,65.34
map20_r48_s6,high,725,greedy,1500,,24.52983606557377,38.0255737704918,712,3050,125,0.166667,0.014222,37,6,8.3333,55,0.166667,0.020083,70.18
map20_r48_s6,high,726,greedy,1500,,23.832410483573273,37.773348098929496,627,2709,411,0.875,0.138722,67,39,27.4,379,0.166667,0.031778,143.72
map20_r48_s6,high,727,greedy,1500,,26.564741035856574,40.20019920318725,714,3012,95,0.166667,0.012917,43,7,6.3333,49,0.145833,0.019153,52.96
map20_r48_s6,high,728,greedy,1500,,23.88220148052784,37.79594464113293,764,3107,11,0.104167,0.003736,39,6,0.7333,1,0.125,0.013472,52.81
map20_r48_s6,high,729,greedy,1500,,21.635687732342006,35.207352333746385,582,2421,568,0.854167,0.224708,99,61,37.8667,547,0.125,0.041056,280.11
map20_r48_s6,high,730,greedy,1500,,24.224177256435322,37.93222548061258,715,3069,55,0.1875,0.012431,37,5,3.6667,22,0.208333,0.020361,61.4
map20_r48_s6,low,721,hungarian,1500,,15.019653179190751,27.721387283236993,208,865,1480,1.0,0.643917,339,306,98.6667,1447,0.25,0.153431,1090.23
map20_r48_s6,low,722,hungarian,1500,,23.743125652627914,36.873999303863556,679,2873,9,0.083333,0.003556,39,4,0.6,0,0.145833,0.013194,54.18
map20_r48_s6,low,723,hungarian,1500,,22.53185498064062,35.787046814501934,656,2841,15,0.083333,0.004736,27,0,1.0,0,0.145833,0.013417,66.53
map20_r48_s6,low,724,hungarian,1500,,24.791551246537395,38.32340720221607,658,2888,25,0.125,0.008653,27,0,1.6667,12,0.166667,0.015431,51.91
map20_r48_s6,low,725,hungarian,1500,,22.566341670199236,36.06146672318779,550,2359,110,0.270833,0.015778,10,0,7.3333,94,0.145833,0.016708,52.77
map20_r48_s6,low,726,hungarian,1500,,22.79604743083004,35.790513833992094,356,2530,609,0.854167,0.215806,322,299,40.6,577,0.145833,0.041944,282.09
map20_r48_s6,low,727,hungarian,1500,,23.490189208128943,36.6583742116328,667,2854,72,0.270833,0.013125,38,1,4.8,33,0.145833,0.017444,56.57
map20_r48_s6,low,728,hungarian,1500,,20.791424418604652,34.205668604651166,328,1376,1014,1.0,0.573472,401,359,67.6,999,0.229167,0.128361,776.96
map20_r48_s6,low,729,hungarian,1500,,20.318918918918918,33.55513513513514,403,1850,823,0.958333,0.402028,325,302,54.8667,823,0.166667,0.053653,440.44
map20_r48_s6,low,730,hungarian,1500,,22.742866964592643,36.06531454107941,676,2909,70,0.208333,0.008014,27,0,4.6667,33,0.229167,0.017847,63.53
map20_r48_s6,mid,721,hungarian,1500,,20.436860068259385,33.137087599544934,369,1758,286,0.458333,0.0525,13,0,19.0667,269,0.3125,0.025014,280.53
map20_r48_s6,mid,722,hungarian,1500,,22.788575180564674,36.00196979645437,704,3046,29,0.1875,0.006486,33,0,1.9333,11,0.125,0.016792,53.66
map20_r48_s6,mid,723,hungarian,1500,,16.962906504065042,30.1859756097561,414,1968,25,0.145833,0.002944,12,0,1.6667,21,0.104167,0.007431,43.7
map20_r48_s6,mid,724,hungarian,1500,,22.28304451240231,35.608222901800886,701,2943,191,0.520833,0.049153,52,12,12.7333,183,0.166667,0.025347,124.76
map20_r48_s6,mid,725,hungarian,1500,,27.376192042091418,40.243341006247945,370,3041,340,0.5,0.050083,378,365,22.6667,255,0.270833,0.025528,177.24
map20_r48_s6,mid,726,hungarian,1500,,25.597143806044503,38.87578877449352,711,3011,156,0.395833,0.025111,50,33,10.4,120,0.166667,0.022847,60.49
map20_r48_s6,mid,727,hungarian,1500,,22.27714033539276,35.10503089143866,192,1133,1100,1.0,0.646653,555,542,73.3333,1080,0.270833,0.179361,1158.43
map20_r48_s6,mid,728,hungarian,1500,,25.204262295081968,38.877049180327866,624,3050,61,0.145833,0.010833,137,112,4.0667,16,0.125,0.015208,63.1
map20_r48_s6,mid,729,hungarian,1500,,25.45685618729097,38.72642140468228,622,2990,226,0.416667,0.030292,162,151,15.0667,174,0.1875,0.024931,110.69
map20_r48_s6,mid,730,hungarian,1500,,22.92356055592323,36.531767041694245,724,3022,32,0.166667,0.008264,39,2,2.1333,29,0.166667,0.016958,59.58
map20_r48_s6,high,721,hungarian,1500,,22.913560411311053,36.2879177377892,672,3112,19,0.145833,0.006014,112,96,1.2667,8,0.125,0.013292,68.54
map20_r48_s6,high,722,hungarian,1500,,25.82934131736527,39.35462408516301,600,3006,125,0.208333,0.017,148,114,8.3333,68,0.125,0.016292,69.63
map20_r48_s6,high,723,hungarian,1500,,19.75378787878788,32.82121212121212,557,2640,11,0.104167,0.002736,22,0,0.7333,7,0.104167,0.009611,51.98
map20_r48_s6,high,724,hungarian,1500,,25.644689834361806,39.08281909710945,505,3079,76,0.125,0.012083,257,239,5.0667,45,0.125,0.017361,100.66
map20_r48_s6,high,725,hungarian,1500,,28.428002654280025,41.43264764432648,420,3014,329,0.291667,0.040333,329,305,21.9333,272,0.208333,0.027792,187.92
map20_r48_s6,high,726,hungarian,1500,,23.908353060534324,37.250253635441325,495,2957,253,0.916667,0.069375,199,182,16.8667,219,0.229167,0.034972,174.0
map20_r48_s6,high,727,hungarian,1500,,25.27028280018544,38.60917941585535,256,2157,794,1.0,0.330667,501,484,52.9333,731,0.291667,0.108806,604.18
map20_r48_s6,high,728,hungarian,1500,,22.14224343675418,35.19379474940334,308,2095,750,0.979167,0.373069,495,483,50.0,724,0.25,0.103792,714.49
map20_r48_s6,high,729,hungarian,1500,,26.327852004110998,39.464542651593014,521,2919,313,0.270833,0.037069,160,141,20.8667,251,0.1875,0.026722,127.51
map20_r48_s6,high,730,hungarian,1500,,24.135906040268456,37.65469798657718,715,2980,100,0.25,0.015292,37,0,6.6667,70,0.166667,0.017958,65.48
map20_r48_s6,low,721,phasec,1500,141.8106,21.632826475849733,34.944543828264756,514,2236,449,0.1875,0.063014,33,7,29.9333,302,0.229167,0.068083,818.99
map20_r48_s6,low,722,phasec,1500,114.3973,23.690376569037657,37.016039051603904,678,2868,36,0.1875,0.006986,40,6,2.4,23,0.125,0.013444,227.57
map20_r48_s6,low,723,phasec,1500,151.0509,21.86967241986615,34.91299753434308,660,2839,9,0.083333,0.005222,23,0,0.6,0,0.145833,0.015403,298.13
map20_r48_s6,low,724,phasec,1500,131.8724,23.526017699115044,36.858053097345135,660,2825,43,0.125,0.007097,25,1,2.8667,17,0.229167,0.017069,284.5
map20_r48_s6,low,725,phasec,1500,156.428,22.53803654908627,36.11644708882278,543,2353,230,0.1875,0.025653,17,0,15.3333,207,0.166667,0.031056,456.14
map20_r48_s6,low,726,phasec,1500,124.3698,22.055929203539822,35.40106194690266,649,2825,19,0.104167,0.009694,29,2,1.2667,7,0.145833,0.021278,276.02
map20_r48_s6,low,727,phasec,1500,137.0216,21.764831261101243,34.72504440497336,656,2815,134,0.458333,0.037236,49,13,8.9333,127,0.1875,0.026806,359.3
map20_r48_s6,low,728,phasec,1500,130.7862,21.443933498408207,34.921825256455605,692,2827,127,0.145833,0.040278,37,3,8.4667,31,0.1875,0.050764,680.95
map20_r48_s6,low,729,phasec,1500,120.5176,21.576187101346562,35.14528703047484,688,2822,869,0.1875,0.054014,40,5,57.9333,76,0.229167,0.064819,796.7
map20_r48_s6,low,730,phasec,1500,120.5742,23.323487544483985,36.92740213523132,667,2810,357,0.208333,0.034167,36,3,23.8,150,0.208333,0.045875,519.52
map20_r48_s6,mid,721,phasec,1500,138.0457,35.671176470588236,48.88294117647059,366,1700,907,0.604167,0.165333,16,0,60.4667,833,0.645833,0.127792,1666.9
map20_r48_s6,mid,722,phasec,1500,37.7321,19.86530612244898,33.375510204081635,287,1225,1217,1.0,0.636667,450,420,81.1333,1200,0.1875,0.121056,646.79
map20_r48_s6,mid,723,phasec,1500,218.4702,18.609178013111446,31.902672718103883,414,1983,31,0.083333,0.017111,12,0,2.0667,0,0.145833,0.025306,550.4
map20_r48_s6,mid,724,phasec,1500,105.3215,24.409724583475008,38.06834410064604,713,2941,68,0.1875,0.010694,40,6,4.5333,39,0.166667,0.016417,221.15
map20_r48_s6,mid,725,phasec,1500,115.026,23.46714334354784,37.06060606060606,704,2937,83,0.166667,0.010111,44,7,5.5333,62,0.145833,0.019208,265.1
map20_r48_s6,mid,726,phasec,1500,94.5717,24.782405864711762,38.282905698100635,726,3001,47,0.145833,0.007917,35,5,3.1333,37,0.1875,0.014986,190.51
map20_r48_s6,mid,727,phasec,1500,109.696,23.694271911663215,37.22153209109731,707,2898,37,0.145833,0.007556,40,2,2.4667,33,0.125,0.014486,216.59
map20_r48_s6,mid,728,phasec,1500,137.3835,21.993912749408185,35.493067297937095,728,2957,11,0.104167,0.003722,33,4,0.7333,3,0.104167,0.013222,263.35
map20_r48_s6,mid,729,phasec,1500,108.4901,23.529411764705884,36.768382352941174,736,2992,105,0.1875,0.012556,48,12,7.0,68,0.1875,0.019069,224.05
map20_r48_s6,mid,730,phasec,1500,93.642,23.1837279093031,36.77725908636212,717,2999,192,0.166667,0.035583,46,11,12.8,177,0.166667,0.045194,534.56
map20_r48_s6,high,721,phasec,1500,56.7655,19.36904024767802,32.90402476780186,376,1615,1037,0.979167,0.51675,408,372,69.1333,1008,0.104167,0.048208,480.55
map20_r48_s6,high,722,phasec,1500,90.235,25.073079537729434,38.77158395649218,711,2942,68,0.166667,0.009042,37,6,4.5333,16,0.125,0.016847,209.88
map20_r48_s6,high,723,phasec,1500,173.4206,21.203985932004688,34.4232121922626,556,2559,290,0.166667,0.030708,23,0,19.3333,120,0.208333,0.039778,644.95
map20_r48_s6,high,724,phasec,1500,90.8939,24.30789825970549,37.896251673360105,720,2988,134,0.166667,0.018722,42,9,8.9333,84,0.1875,0.025583,318.13
map20_r48_s6,high,725,phasec,1500,107.7294,24.17597292724196,37.70152284263959,712,2955,127,0.208333,0.015278,37,3,8.4667,111,0.145833,0.018458,229.72
map20_r48_s6,high,726,phasec,1500,126.8737,22.427043808209728,35.89582614694722,680,2899,24,0.125,0.005139,14,0,1.6,10,0.145833,0.013306,228.37
map20_r48_s6,high,727,phasec,1500,83.6048,26.36664415935179,40.00101282916948,713,2962,110,0.229167,0.015069,44,7,7.3333,64,0.145833,0.016722,191.23
map20_r48_s6,high,728,phasec,1500,87.3755,24.32463295269168,38.00717781402936,760,3065,48,0.145833,0.008931,43,12,3.2,28,0.125,0.014694,181.43
map20_r48_s6,high,729,phasec,1500,134.897,22.671968893601978,35.8978437610463,660,2829,66,0.166667,0.008847,21,0,4.4,33,0.125,0.011542,272.29
map20_r48_s6,high,730,phasec,1500,40.3884,20.487635239567233,33.90726429675425,312,1294,1112,1.0,0.622542,440,405,74.1333,1106,0.208333,0.117514,826.86
map20_r48_s6,low,721,combo_s1_j1,1500,176.9853,20.211764705882352,33.33376906318083,517,2295,75,0.145833,0.015083,30,2,5.0,57,0.125,0.018778,404.94
map20_r48_s6,low,722,combo_s1_j1,1500,138.5261,22.949579831932773,36.31617647058823,670,2856,28,0.125,0.006583,48,10,1.8667,12,0.125,0.014625,274.56
map20_r48_s6,low,723,combo_s1_j1,1500,157.9379,22.299360795454547,35.51953125,656,2816,13,0.125,0.004847,27,1,0.8667,11,0.125,0.01425,284.87
map20_r48_s6,low,724,combo_s1_j1,1500,141.6459,23.207567185289957,36.484794908062234,658,2828,27,0.104167,0.006556,27,1,1.8,6,0.145833,0.014444,263.46
map20_r48_s6,low,725,combo_s1_j1,1500,179.6828,21.00126689189189,34.301097972972975,549,2368,30,0.166667,0.007125,11,0,2.0,27,0.125,0.013917,332.11
map20_r48_s6,low,726,combo_s1_j1,1500,147.4349,22.14762931034483,35.4989224137931,650,2784,19,0.083333,0.006222,28,3,1.2667,0,0.125,0.015486,277.82
map20_r48_s6,low,727,combo_s1_j1,1500,144.6833,23.47624039133473,36.517819706498955,668,2862,32,0.104167,0.006917,37,5,2.1333,1,0.104167,0.012681,266.4
map20_r48_s6,low,728,combo_s1_j1,1500,139.4916,22.45892547660312,35.91161178509532,692,2885,68,0.125,0.006667,37,3,4.5333,14,0.125,0.015861,272.12
map20_r48_s6,low,729,combo_s1_j1,1500,146.3509,22.520082389289392,35.61620322691383,693,2913,10,0.083333,0.003986,35,1,0.6667,0,0.166667,0.014361,275.09
map20_r48_s6,low,730,combo_s1_j1,1500,149.03,22.301564722617353,35.72332859174964,668,2812,202,0.229167,0.02125,35,3,13.4667,122,0.229167,0.032847,457.5
map20_r48_s6,mid,721,combo_s1_j1,1500,67.4911,17.997944501541625,31.236382322713258,180,973,1443,0.979167,0.644167,202,171,96.2,1429,0.1875,0.118208,1176.68
map20_r48_s6,mid,722,combo_s1_j1,1500,128.7839,23.8671875,37.208559782608695,703,2944,42,0.125,0.008958,34,2,2.8,8,0.1875,0.019417,289.83
map20_r48_s6,mid,723,combo_s1_j1,1500,192.4364,19.718638902996446,33.05027932960894,414,1969,81,0.166667,0.018583,12,0,5.4,31,0.1875,0.023,501.79
map20_r48_s6,mid,724,combo_s1_j1,1500,125.529,22.95257048092869,36.41194029850746,710,3015,70,0.1875,0.008972,43,4,4.6667,34,0.104167,0.014986,254.1
map20_r48_s6,mid,725,combo_s1_j1,1500,88.1931,21.479369842460613,35.69092273068267,316,1333,1297,0.895833,0.601333,432,400,86.4667,1295,0.208333,0.095972,752.68
map20_r48_s6,mid,726,combo_s1_j1,1500,121.8611,23.133743523316063,36.3494170984456,733,3088,45,0.145833,0.007375,28,1,3.0,31,0.145833,0.015278,247.76
map20_r48_s6,mid,727,combo_s1_j1,1500,104.1945,24.80321004884857,38.348918353105375,698,2866,262,0.145833,0.021444,49,8,17.4667,49,0.1875,0.028375,321.08
map20_r48_s6,mid,728,combo_s1_j1,1500,140.9548,21.370903010033445,34.66588628762542,730,2990,39,0.1875,0.004472,31,2,2.6,25,0.125,0.012375,258.43
map20_r48_s6,mid,729,combo_s1_j1,1500,114.1674,24.239333333333335,37.623333333333335,740,3000,68,0.229167,0.009889,44,11,4.5333,33,0.125,0.013194,230.46
map20_r48_s6,mid,730,combo_s1_j1,1500,104.4883,22.0599730458221,35.492587601078164,717,2968,61,0.145833,0.042111,46,11,4.0667,29,0.145833,0.051528,597.69
map20_r48_s6,high,721,combo_s1_j1,1500,114.5889,22.486714193130265,36.10304601425794,736,3086,63,0.166667,0.008653,48,8,4.2,44,0.125,0.015736,231.04
map20_r48_s6,high,722,combo_s1_j1,1500,85.052,24.85018985157059,38.60648947186745,709,2897,162,0.166667,0.039694,39,7,10.8,103,0.166667,0.045333,511.43
map20_r48_s6,high,723,combo_s1_j1,1500,140.432,22.003125,35.024609375,553,2560,521,0.1875,0.051375,26,0,34.7333,321,0.208333,0.057278,720.99
map20_r48_s6,high,724,combo_s1_j1,1500,91.3512,24.18360546484505,37.890036654448515,720,3001,81,0.166667,0.016153,42,5,5.4,48,0.145833,0.0215,265.01
map20_r48_s6,high,725,combo_s1_j1,1500,114.2623,23.173154362416106,36.540939597315436,717,2980,87,0.208333,0.010097,32,4,5.8,57,0.145833,0.017569,243.36
map20_r48_s6,high,726,combo_s1_j1,1500,124.2192,21.897707834416696,35.03489565514882,678,2923,30,0.125,0.006542,16,0,2.0,19,0.145833,0.014181,225.2
map20_r48_s6,high,727,combo_s1_j1,1500,89.416,25.51027281913102,39.073425395756146,715,2969,114,0.166667,0.014667,42,4,7.6,68,0.145833,0.018083,182.47
map20_r48_s6,high,728,combo_s1_j1,1500,91.3473,24.067824377457406,37.685124508519,765,3052,36,0.1875,0.008236,38,7,2.4,32,0.145833,0.013611,184.88
map20_r48_s6,high,729,combo_s1_j1,1500,101.8111,21.64379200565971,35.42907675981606,658,2827,134,0.125,0.044694,23,0,8.9333,83,0.166667,0.05175,590.89
map20_r48_s6,high,730,combo_s1_j1,1500,95.5263,22.425,35.836333333333336,715,3000,31,0.145833,0.027083,37,5,2.0667,22,0.208333,0.038681,426.36
