load,seed,policy,lock_onset_tick,lock_onset_tick_share_0_9,collapse_tick,lead_time,collapse_detected,paper_collapsed,completed_orders,deadlock_ratio_mean
high,900,ComboS1J1,140.0,390.0,640.0,500.0,True,True,197.0,0.665069
high,901,ComboS1J1,140.0,,,,False,False,534.0,0.030403
high,902,ComboS1J1,330.0,350.0,1010.0,680.0,True,False,307.0,0.416861
high,903,ComboS1J1,330.0,1060.0,,,False,False,571.0,0.039861
high,904,ComboS1J1,390.0,400.0,700.0,310.0,True,True,196.0,0.660139
high,905,ComboS1J1,220.0,310.0,,,False,False,515.0,0.053861
high,906,ComboS1J1,240.0,970.0,1360.0,1120.0,True,False,472.0,0.192972
high,907,ComboS1J1,680.0,760.0,1000.0,320.0,True,True,291.0,0.495806
high,908,ComboS1J1,80.0,1220.0,,,False,False,505.0,0.132375
high,909,ComboS1J1,270.0,780.0,,,False,False,510.0,0.050333
high,910,ComboS1J1,170.0,270.0,580.0,410.0,True,True,141.0,0.740542
high,911,ComboS1J1,250.0,330.0,1060.0,810.0,True,False,324.0,0.395264
high,912,ComboS1J1,170.0,810.0,1350.0,1180.0,True,False,395.0,0.273167
high,913,ComboS1J1,250.0,,,,False,False,561.0,0.023
high,914,ComboS1J1,160.0,300.0,500.0,340.0,True,True,117.0,0.784931
high,915,ComboS1J1,270.0,,,,False,False,527.0,0.017111
high,916,ComboS1J1,190.0,220.0,,,False,False,512.0,0.020792
high,917,ComboS1J1,100.0,760.0,1250.0,1150.0,True,False,381.0,0.389611
high,918,ComboS1J1,140.0,150.0,510.0,370.0,True,True,93.0,0.851653
high,919,ComboS1J1,800.0,1240.0,,,False,False,505.0,0.067139
high,920,ComboS1J1,240.0,440.0,580.0,340.0,True,True,136.0,0.730028
high,921,ComboS1J1,370.0,670.0,,,False,False,505.0,0.050653
high,922,ComboS1J1,160.0,,,,False,False,504.0,0.014778
high,923,ComboS1J1,,,560.0,,True,True,85.0,0.841833
high,924,ComboS1J1,290.0,300.0,860.0,570.0,True,True,264.0,0.542806
high,925,ComboS1J1,550.0,,,,False,False,522.0,0.019069
high,926,ComboS1J1,90.0,170.0,990.0,900.0,True,False,331.0,0.498444
high,927,ComboS1J1,150.0,710.0,1280.0,1130.0,True,False,423.0,0.256583
high,928,ComboS1J1,350.0,670.0,,,False,False,540.0,0.024514
high,929,ComboS1J1,780.0,,,,False,False,548.0,0.018611
high,930,ComboS1J1,250.0,260.0,730.0,480.0,True,True,147.0,0.768611
high,931,ComboS1J1,330.0,900.0,1140.0,810.0,True,False,395.0,0.357472
high,932,ComboS1J1,570.0,710.0,1460.0,890.0,True,False,406.0,0.382417
high,933,ComboS1J1,100.0,290.0,740.0,640.0,True,True,205.0,0.664778
high,934,ComboS1J1,120.0,320.0,1210.0,1090.0,True,False,368.0,0.35675
high,935,ComboS1J1,170.0,930.0,,,False,False,495.0,0.199736
high,936,ComboS1J1,80.0,160.0,540.0,460.0,True,True,139.0,0.777486
high,937,ComboS1J1,640.0,1350.0,,,False,False,531.0,0.032486
high,938,ComboS1J1,270.0,320.0,,,False,False,522.0,0.046542
high,939,ComboS1J1,90.0,270.0,550.0,460.0,True,True,178.0,0.709167
high,940,ComboS1J1,580.0,790.0,,,False,False,565.0,0.040361
high,941,ComboS1J1,100.0,,,,False,False,511.0,0.019417
high,942,ComboS1J1,120.0,420.0,1020.0,900.0,True,True,290.0,0.518444
high,943,ComboS1J1,420.0,450.0,1250.0,830.0,True,False,392.0,0.326681
high,944,ComboS1J1,310.0,330.0,,,False,False,485.0,0.045833
high,945,ComboS1J1,230.0,240.0,990.0,760.0,True,False,335.0,0.432458
high,946,ComboS1J1,80.0,1450.0,,,False,False,515.0,0.033972
high,947,ComboS1J1,180.0,880.0,1250.0,1070.0,True,False,369.0,0.399833
high,948,ComboS1J1,130.0,160.0,,,False,False,513.0,0.060611
high,949,ComboS1J1,340.0,640.0,840.0,500.0,True,True,298.0,0.510514
high,900,Greedy,350.0,840.0,1030.0,680.0,True,False,332.0,0.43525
high,901,Greedy,110.0,660.0,1030.0,920.0,True,False,322.0,0.470403
high,902,Greedy,330.0,360.0,680.0,350.0,True,True,160.0,0.700153
high,903,Greedy,360.0,,,,False,False,565.0,0.039264
high,904,Greedy,120.0,320.0,670.0,550.0,True,True,168.0,0.687056
high,905,Greedy,150.0,490.0,940.0,790.0,True,True,270.0,0.523792
high,906,Greedy,180.0,260.0,1180.0,1000.0,True,False,408.0,0.304
high,907,Greedy,260.0,320.0,1030.0,770.0,True,False,315.0,0.476556
high,908,Greedy,130.0,570.0,,,False,False,528.0,0.056722
high,909,Greedy,150.0,190.0,1340.0,1190.0,True,False,408.0,0.254778
high,910,Greedy,70.0,100.0,550.0,480.0,True,True,73.0,0.872083
high,911,Greedy,210.0,230.0,540.0,330.0,True,True,119.0,0.771542
high,912,Greedy,530.0,820.0,,,False,False,493.0,0.093083
high,913,Greedy,510.0,,,,False,False,554.0,0.027931
high,914,Greedy,130.0,640.0,860.0,730.0,True,False,308.0,0.475486
high,915,Greedy,250.0,1110.0,1380.0,1130.0,True,False,424.0,0.250597
high,916,Greedy,180.0,290.0,540.0,360.0,True,True,161.0,0.736153
high,917,Greedy,90.0,1010.0,,,False,False,547.0,0.057847
high,918,Greedy,230.0,270.0,530.0,300.0,True,True,119.0,0.802792
high,919,Greedy,120.0,750.0,1030.0,910.0,True,False,313.0,0.464083
high,920,Greedy,130.0,140.0,500.0,370.0,True,True,75.0,0.844389
high,921,Greedy,270.0,420.0,740.0,470.0,True,True,192.0,0.669694
high,922,Greedy,140.0,250.0,520.0,380.0,True,True,145.0,0.768
high,923,Greedy,160.0,170.0,,,False,False,526.0,0.089403
high,924,Greedy,220.0,230.0,600.0,380.0,True,True,124.0,0.763736
high,925,Greedy,70.0,390.0,690.0,620.0,True,True,191.0,0.684972
high,926,Greedy,170.0,200.0,870.0,700.0,True,True,277.0,0.548736
high,927,Greedy,100.0,150.0,,,False,False,525.0,0.100347
high,928,Greedy,450.0,540.0,800.0,350.0,True,True,281.0,0.534653
high,929,Greedy,410.0,890.0,1150.0,740.0,True,False,384.0,0.340722
high,930,Greedy,300.0,440.0,920.0,620.0,True,True,223.0,0.606583
high,931,Greedy,320.0,1220.0,,,False,False,508.0,0.162806
high,932,Greedy,150.0,640.0,800.0,650.0,True,True,272.0,0.542917
high,933,Greedy,230.0,790.0,1120.0,890.0,True,False,359.0,0.395125
high,934,Greedy,110.0,110.0,530.0,420.0,True,True,84.0,0.852472
high,935,Greedy,630.0,930.0,,,False,False,571.0,0.036764
high,936,Greedy,60.0,280.0,970.0,910.0,True,False,313.0,0.482542
high,937,Greedy,150.0,,,,False,False,525.0,0.037986
high,938,Greedy,260.0,340.0,,,False,False,525.0,0.044611
high,939,Greedy,120.0,300.0,590.0,470.0,True,True,155.0,0.731236
high,940,Greedy,560.0,1340.0,,,False,False,523.0,0.115569
high,941,Greedy,100.0,200.0,560.0,460.0,True,True,131.0,0.788931
high,942,Greedy,160.0,840.0,1120.0,960.0,True,False,331.0,0.402097
high,943,Greedy,360.0,430.0,,,False,False,518.0,0.107833
high,944,Greedy,190.0,230.0,520.0,330.0,True,True,101.0,0.790764
high,945,Greedy,460.0,480.0,1300.0,840.0,True,False,400.0,0.291194
high,946,Greedy,260.0,390.0,940.0,680.0,True,True,275.0,0.546847
high,947,Greedy,210.0,360.0,1040.0,830.0,True,False,344.0,0.404083
high,948,Greedy,140.0,160.0,570.0,430.0,True,True,93.0,0.828722
high,949,Greedy,220.0,780.0,1070.0,850.0,True,False,360.0,0.394597
